{"cameraMode":{"drawMode":0,"name":"Shaded","section":"Shading Mode"},"sceneLighting":true,"audioPlay":false,"sceneViewState":{"showFog":true,"showMaterialUpdate":false,"showSkybox":true,"showFlares":true,"showImageEffects":true,"showParticleSystems":true},"in2DMode":false,"pivot":{"x":-2.054253339767456,"y":2.493809223175049,"z":-0.03736472129821777},"rotation":{"x":-0.11388830840587616,"y":0.7913355827331543,"z":-0.15531860291957856,"w":-0.5802530646324158},"size":4.148856163024902,"orthographic":false}